id;num_rdv;date_rdv;heure_rdv
1;Open-architected middleware;2020-03-24;2020-03-25T07:34:43
2;Frozen;2020-03-25;2020-03-25T09:25:48
3;silver Handcrafted Interactions;2020-03-25;2020-03-24T23:57:45
4;Lebanese Pound Maryland Right-sized;2020-03-25;2020-03-25T08:19:36
5;Ergonomic;2020-03-24;2020-03-25T10:09:03
6;Nebraska one-to-one Object-based;2020-03-25;2020-03-25T16:15:47
7;Tuvalu Money Market Account generate;2020-03-24;2020-03-24T23:38:57
8;ivory Berkshire;2020-03-25;2020-03-25T15:34:56
9;invoice Walks optimal;2020-03-25;2020-03-25T11:26:18
10;Granite Bedfordshire;2020-03-25;2020-03-25T02:54:07
